"","baseMean","log2FoldChange","lfcSE","stat","pvalue","padj"
"g970",247.233628073943,-6.18929738056983,0.612884139262918,-10.0986417889903,5.60125593975868e-24,9.11482218276696e-21
"g348",186.436797333931,4.30871306197812,0.429396737871141,10.0343404641121,1.07676576287855e-23,9.11482218276696e-21
"g1141",1053.72653816016,3.66571488793473,0.379386445924187,9.66221889926783,4.36309505011418e-22,2.4622399732811e-19
"g735",292.181630646852,5.04717497854415,0.52510420303236,9.6117588649983,7.13201233741464e-22,3.01862422181074e-19
"g780",164.254152899452,4.51398195280111,0.47115468264153,9.58067938005722,9.64086565110408e-22,3.26439710946384e-19
"g1607",309.564195234945,3.82032715704308,0.400789107920508,9.53201342437878,1.54261836153601e-21,4.35275481013411e-19
"g1427",520.409363504487,-3.7607502229702,0.403801060461895,-9.313373814988,1.23834911862814e-20,2.99503579691063e-18
"g1431",151.648473194869,7.60488045612291,0.842972662683602,9.02150306026863,1.85526061636365e-19,3.92619527937958e-17
"g736",105.793809801975,5.92360309541136,0.668904281122228,8.8556812425737,8.31742527045388e-19,1.56460010920871e-16
"g1584",136.73444987944,4.90370060013283,0.579527858666851,8.46154421534338,2.638599882589e-17,4.46714960122317e-15
"g1451",1336.98970577227,2.34865084373446,0.282638273845138,8.3097409695522,9.59112032307342e-17,1.47616060972394e-14
"g197",17410.5924709454,4.50002393906809,0.554869546747433,8.11005751792759,5.05958060165163e-16,7.13822496549684e-14
"g900",1374.32153303642,-2.76031994527672,0.348440093072219,-7.92193550672884,2.33841600792828e-15,3.04533715494045e-13
"g90",414.243053498334,-2.57281413365403,0.326900466940266,-7.87032872034459,3.53710619621515e-15,4.27737199299447e-13
"g1761",4140.73277658159,3.60642542418767,0.465098990257985,7.75410288933809,8.89701728249325e-15,1.00417668395074e-12
"g1048",324.210843056874,-3.0264075603194,0.402334810557876,-7.5221121337301,5.3898325363005e-14,5.70311655247296e-12
"g572",74.765895489111,4.86503008056824,0.648867169134183,7.49772882955367,6.49330551282597e-14,6.46656837247903e-12
"g948",239.599590520824,-3.13178278755254,0.419562249951863,-7.46440555105198,8.36765094164031e-14,7.87024058010947e-12
"g876",418.368143751481,2.14598899749347,0.291932261970421,7.35098266635191,1.96754937859571e-13,1.67149859994437e-11
"g279",1409.57900339327,2.3313359257608,0.317166786277372,7.35050461343696,1.97459964553381e-13,1.67149859994437e-11
"g560",629.552565883493,-4.24224183473082,0.582411087445091,-7.28393041647026,3.24232294476767e-13,2.61392987880555e-11
"g829",570.103739176594,-2.17497943067923,0.303168644517206,-7.17415692557148,7.27541211117505e-13,5.59876032009971e-11
"g886",258.866846329733,2.1136225562708,0.296070917007333,7.13890637295676,9.40763827254064e-13,6.92483982409187e-11
"g589",279.628076994395,-6.4714251031509,0.907252236772863,-7.13299437670173,9.82085707115796e-13,6.92779625894601e-11
"g1985",174.130202812445,-6.50027531197444,0.925344483477985,-7.02470855777149,2.14513533995115e-12,1.45268565221492e-10
"g74",558.932563025035,-3.219607150936,0.463773004674835,-6.94220473913388,3.86027187132327e-12,2.51363087621165e-10
"g1523",327.501828774964,-2.2678277439224,0.328871307967159,-6.89579081234069,5.35659708687368e-12,3.35878476595449e-10
"g23",111.56663059441,3.06746478102415,0.445888198959184,6.87944822981273,6.00848281814781e-12,3.63298621825866e-10
"g1409",140.480122476968,-4.02525598971605,0.585779748048136,-6.8716202687589,6.34767415794859e-12,3.70572839634723e-10
"g19",54.3682477817686,5.4276859757845,0.799272063806924,6.79078654386154,1.11523831573256e-11,6.29366156178409e-10
"g1841",104.429685369186,3.39168935958563,0.510851245007067,6.63928960286416,3.15198565242865e-11,1.72139087405216e-09
"g401",88.4248661155765,3.7740971287315,0.571588731711015,6.60281933381363,4.03411062061111e-11,2.12581373381304e-09
"g760",46.3501029364562,9.07814679874624,1.3757168603765,6.59884825156667,4.14364165480391e-11,2.12581373381304e-09
"g638",384.606148064674,-4.86041417297904,0.753040684240352,-6.45438457004764,1.08659561179822e-10,5.41060697286586e-09
"g1148",768.644212419548,2.31086673334981,0.360577332343611,6.408796466295,1.46672842615282e-10,7.09477492993350e-09
"g1883",6124.41058164135,3.19012120351896,0.498796733236153,6.39563371400152,1.59882856360964e-10,7.51893543941978e-09
"g241",7459.53553616755,3.63067296425781,0.571868599238344,6.34878881108948,2.17016707557064e-10,9.9299806998408e-09
"g569",143.314672736219,-3.73242176038284,0.59323195945371,-6.29167343549717,3.14061653998225e-10,1.39922731636578e-08
"g1640",35.7238633666351,5.4680667225871,0.872942268360917,6.26395000078784,3.75345869597915e-10,1.62938604417762e-08
"g93",44.2551625440565,-8.82030233565634,1.41016276481489,-6.25481154071897,3.97996221866298e-10,1.68451900904911e-08
"g179",108.680800941239,3.69877777540216,0.609426421708133,6.06927701794587,1.28487351866241e-09,5.30558748072065e-08
"g692",304.388267039156,-3.47425591273999,0.575470094479619,-6.03724840972259,1.56764304052466e-09,6.31909444668629e-08
"g937",54.1103057929868,2.84408270059535,0.477471974609462,5.95654373834529,2.57628186237037e-09,1.01433609139373e-07
"g1529",4995.01165619352,3.75639325685546,0.637488430579192,5.8924885169172,3.80422539898855e-09,1.463762181929e-07
"g1752",61.7666482863549,-4.30384643275898,0.734753556280671,-5.85753739600131,4.69781056216764e-09,1.76742072927774e-07
"g1421",463.031966287524,4.13360876303603,0.710626386294537,5.8168523471105,5.99660657387671e-09,2.20701194121158e-07
"g398",135.48611288118,-2.3615935974019,0.40673163217259,-5.80626981183454,6.38799925213648e-09,2.30103887954618e-07
"g400",20514.726396597,2.34510274444074,0.406860450926436,5.76389948716043,8.21923761540637e-09,2.86895122125668e-07
"g1827",924.897587501009,-2.43621127343194,0.422793455309565,-5.76217829968103,8.3035209593371e-09,2.86895122125668e-07
"g477",2654.51189309873,-2.69869880847688,0.46904904032378,-5.75355362973133,8.7386708716994e-09,2.95891395715742e-07
"g1297",5726.8804852368,1.95471724120128,0.342578461305718,5.70589649375794,1.1573231489024e-08,3.84185900214071e-07
"g437",31.2296504021539,-5.36144055105202,0.953990303821507,-5.62001576910697,1.90940030350192e-08,6.21656675736299e-07
"g785",236.920779966141,-1.89686182489834,0.339592594194829,-5.58569844373604,2.32762826817781e-08,7.43523520382083e-07
"g10",786.128451512186,-2.19777715332157,0.395130569756307,-5.56215418786004,2.66464695115049e-08,8.35416164499589e-07
"g1441",768.567197910569,2.30498840579833,0.416298264898671,5.5368676743329,3.07929019496596e-08,9.47861509104977e-07
"g1726",948.77509972725,1.96202471517343,0.354934313603662,5.52785301385182,3.24173468510995e-08,9.80045861051991e-07
"g1763",139.747801379136,-1.86620471177514,0.339460901824858,-5.49755421535407,3.85094938950154e-08,1.14379952919756e-06
"g227",75.6184792165652,-3.64844902741874,0.666604743762697,-5.47318191410523,4.42025940368562e-08,1.29025847766203e-06
"g1467",565.216564727916,-2.08595582586398,0.381504719162847,-5.46770648195725,4.55895989455061e-08,1.30818967821596e-06
"g1419",1665.69392761942,1.69164548799474,0.310801981229226,5.44284010450726,5.24377129173133e-08,1.47961746615019e-06
"g1816",1105.87476703372,1.83480398707378,0.337407576392824,5.43794542698005,5.38984766825783e-08,1.49590362333779e-06
"g1418",58.192292877805,-3.1020527014451,0.570817654845284,-5.4344021687379,5.49804516796527e-08,1.501321043446e-06
"g587",62.4518863665109,5.00226276170855,0.921397463032129,5.42899558812234,5.66720848110177e-08,1.51765406247304e-06
"g1905",397.141176108091,-3.37839666122447,0.622538690402735,-5.42680593721637,5.73714471342438e-08,1.51765406247304e-06
"g481",572.284815452543,2.76815791582411,0.513387716928683,5.39194418671425,6.96994189718876e-08,1.81540178952932e-06
"g1509",261.502237059098,-1.78304439310637,0.331726465517973,-5.37504413560202,7.65639253506557e-08,1.96398069119182e-06
"g117",406.075508343899,2.5309079950664,0.475258195991494,5.32533266425078,1.00768446304718e-07,2.54628327752072e-06
"g1099",630.924494013926,-2.46336151345234,0.463272669237042,-5.31730377600132,1.05316161007495e-07,2.62206265567189e-06
"g1256",1184.75737169952,-2.9974922427097,0.566600187426222,-5.29031283297979,1.22107322938902e-07,2.99605359037045e-06
"g1510",1103.28234853916,-1.4398183302889,0.27375937820042,-5.25943015999549,1.44502497840917e-07,3.49489612635247e-06
"g1916",4442.92534760309,-1.51271751281797,0.288978774995744,-5.23470110509065,1.65252059373678e-07,3.94044699323432e-06
"g280",203.782519434448,2.17157726978124,0.416565486125462,5.21305134993158,1.85759448748808e-07,4.36792703794071e-06
"g1671",27.8749112707044,3.67538821569016,0.70594124721093,5.2063655866704,1.92575069239069e-07,4.46615879755814e-06
"g1569",206.609677654973,1.93600457836584,0.372526924708628,5.19695208575885,2.02582551254396e-07,4.63476026045529e-06
"g184",144.559645586465,3.48457445353815,0.67358122943611,5.17320599396047,2.3011108110296e-07,5.19437413743083e-06
"g2015",859.274541542412,-3.00467050613172,0.581457162871976,-5.16748386293985,2.37266444950044e-07,5.28542225395295e-06
"g929",371.014382559887,-2.15926432389712,0.418141737771983,-5.16395310212871,2.41788299467465e-07,5.30586381454751e-06
"g1844",249.283975499119,3.65269944494207,0.707626531029593,5.16190290325521,2.44452083599944e-07,5.30586381454751e-06
"g118",795.163136588391,2.38104715955861,0.463163374895903,5.14083644911205,2.73518066377186e-07,5.86159603008324e-06
"g1727",470.985525072249,-2.00689206160129,0.390949101654907,-5.1333845073592,2.84577685470465e-07,6.02237526876871e-06
"g1065",1688.07227376564,-2.33493136683114,0.456353634166935,-5.11649561220984,3.11264522750483e-07,6.50581280267368e-06
"g20",914.803447335452,2.01128862462351,0.397448321944231,5.06050350089471,4.18150781168218e-07,8.6332838111926e-06
"g936",198.094556538796,-4.41006195290357,0.873630767564895,-5.04797005398048,4.46529115493776e-07,9.10811798230075e-06
"g182",377.615705744515,2.46648870598813,0.488909625710422,5.04487655035251,4.53814274001197e-07,9.14651864147651e-06
"g11",318.118110903978,-2.28382656024981,0.453816245356772,-5.03249185902185,4.84145172463343e-07,9.64303267035811e-06
"g1984",110.035133836633,-2.6902192502701,0.536728226063842,-5.01225596052426,5.37955790868727e-07,1.05902227202413e-05
"g1983",469.166857732734,-2.82337539859011,0.567121380283153,-4.97843230170665,6.41013563273067e-07,1.2473976581854e-05
"g2005",228.079056036558,-3.58182275185097,0.721034885757198,-4.967613665585,6.77818292506996e-07,1.3040299650163e-05
"g727",888.761531149864,-1.70358883385246,0.343834515680406,-4.95467661378109,7.24506832836791e-07,1.37819108763223e-05
"g678",743.644602271519,-1.66557456275812,0.337295214556629,-4.93803199949781,7.89148958923925e-07,1.48447687495356e-05
"g940",1121.84811987049,-1.60390331699447,0.325538164946441,-4.92692866674587,8.35322329321977e-07,1.55406670718913e-05
"g1544",236.976704538436,1.81131208272459,0.368750674387018,4.91202378337497,9.01411155830302e-07,1.65879248567468e-05
"g1514",45.6895977679102,-2.19416939914161,0.451581443978312,-4.8588564220256,1.18065711059513e-06,2.1384416363406e-05
"g283",15.3413439298573,7.48663517110898,1.54117604187648,4.85774172948699,1.18732140470181e-06,2.1384416363406e-05
"g554",39.4042482302329,3.84888674892334,0.793007736220682,4.85352988769866,1.21283053328589e-06,2.16139167668737e-05
"g512",23.9231838646043,-6.96307875182827,1.44224783987454,-4.82793494940092,1.37956138815622e-06,2.43291398973799e-05
"g1531",648.04601078395,2.97658734482856,0.622268415556208,4.78344597028593,1.72315225005379e-06,3.00752243231038e-05
"g522",17.2566062404258,5.17973042465714,1.08428729379046,4.77708302432447,1.77856353132898e-06,3.07255924340812e-05
"g312",201.989112483047,-3.53367265396567,0.740590351792511,-4.7714268021624,1.82925458684037e-06,3.12821011668763e-05
"g1790",367.183214266641,-1.53462991993122,0.321971839311741,-4.76634827198461,1.87594880199116e-06,3.17598132177103e-05
"g1914",2127.1315120566,2.44838634925833,0.51462964446732,4.75756959510676,1.95937714235837e-06,3.27088298637813e-05
"g1469",296.942989971176,-2.48102164785217,0.521616257870119,-4.7564116540055,1.97064420915871e-06,3.27088298637813e-05
"g1377",46.7480229673317,-4.50618426132526,0.949711455931773,-4.74479299284032,2.08719671037914e-06,3.43070294239989e-05
"g1530",13647.1382742278,3.10887073628404,0.656147550382944,4.73806651334693,2.15766998470513e-06,3.49655054809204e-05
"g1751",1077.09821047154,-4.00876271548779,0.846257990777669,-4.73704562813514,2.16856354134474e-06,3.49655054809204e-05
"g895",42.3214453277528,2.73265520846488,0.577951934613677,4.72817036297573,2.26552062317326e-06,3.61842114625692e-05
"g662",234.339204514582,-2.14281626279988,0.453887957240456,-4.72102471241528,2.3465942308716e-06,3.71288227370619e-05
"g326",257.165066157829,1.77176905746926,0.375469587146876,4.71880844180379,2.37230071320832e-06,3.71880102542748e-05
"g1505",552.107479982604,-1.48684646892803,0.315353609358674,-4.71485476875241,2.4188321377852e-06,3.75695670575261e-05
"g1942",5696.59170925738,-1.98178516114435,0.422057893536301,-4.69552919515269,2.65917382634338e-06,4.09271026181758e-05
"g1439",356.650766202447,-2.20662215216883,0.471891404249345,-4.6761227949871,2.92349589679908e-06,4.4589896876404e-05
"g515",148.852012027894,-2.12281777207137,0.454568804231186,-4.66995920598136,3.01259554010769e-06,4.55386093696636e-05
"g426",1715.07952099094,1.5645901935716,0.336317021477234,4.65212907363213,3.28525328853316e-06,4.90402122374778e-05
"g1699",19.158226745463,5.35316881699492,1.15110903828955,4.65044460509949,3.31220204400092e-06,4.90402122374778e-05
"g521",1030.09105353483,1.31687692568286,0.283243893567845,4.64926854766397,3.3311425914412e-06,4.90402122374778e-05
"g1265",172.107646333915,-1.99732738163606,0.431148877021622,-4.63257006589837,3.61154047461073e-06,5.25561861577632e-05
"g668",448.523276919918,2.28080994863393,0.492466894202453,4.63139751216717,3.63205775573438e-06,5.25561861577632e-05
"g1965",383.919051558758,-1.66753284452852,0.362922329826151,-4.59473751677752,4.33294337347729e-06,6.216672145167e-05
"g8",434.67177975213,-1.51476394178776,0.330122107620618,-4.58849591354407,4.46451045572441e-06,6.35161025339616e-05
"g396",892.895992502097,-1.90974034022742,0.416924253624256,-4.58054508373248,4.63765627615327e-06,6.54296006293957e-05
"g1379",180.090775686425,-2.19094011549162,0.479109282632855,-4.57294440936672,4.80917766175079e-06,6.72887419945793e-05
"g1848",1499.66871909628,-1.65998788537987,0.363422288696035,-4.56765569149854,4.93209314056466e-06,6.84428990735735e-05
"g1809",747.622961730445,2.54248744786738,0.560396336324698,4.53694516374254,5.70749393868154e-06,7.85592458389256e-05
"g1721",615.488768353091,-1.26765763328349,0.279597490724257,-4.53386627326236,5.79137029096181e-06,7.90708863112769e-05
"g567",3657.90996060404,-2.70681206599236,0.599710703176107,-4.51352969299515,6.37575184199199e-06,8.63531829479395e-05
"g535",923.531981592603,-1.98981992879361,0.44147158888763,-4.50724345321368,6.56752642174098e-06,8.82446208889482e-05
"g392",284.713459909298,-2.19427821209175,0.489117907341104,-4.48619479916422,7.25064547548059e-06,9.66562424408555e-05
"g1039",335.760361704847,-1.72626611564803,0.385240821017135,-4.48100518291453,7.42923070364216e-06,9.82028648535106e-05
"g1375",553.856038732462,1.48513211941244,0.331541536981881,4.47947528063009,7.48267546727872e-06,9.82028648535106e-05
"g1053",450.961375287937,-1.69088743924205,0.380694486281518,-4.44158636432592,8.92980924368336e-06,0.000116293592688892
"g1497",324.458725490929,1.3302666915975,0.299743120513939,4.43802242839343,9.07891608464963e-06,0.000117332862071083
"g817",127.226850950389,-2.24339613772695,0.506436458949036,-4.42976823268703,9.43344145707225e-06,0.00012099103323351
"g508",3718.87848243791,-2.74797292384616,0.62069491428879,-4.42725219844095,9.54411188864116e-06,0.000121490085920823
"g482",32.4675342989183,3.43674904097359,0.776938034972412,4.42345320511387,9.71356787586885e-06,0.000122724406073477
"g939",588.710900724572,1.34960836891052,0.306300778024762,4.40615390406034,1.05222214763332e-05,0.000131956451551349
"g912",1628.29295495287,1.95940739759168,0.445639147538466,4.396847557973,1.09834426544107e-05,0.000136727708925863
"g88",5224.41677564902,1.63387223103816,0.372209958224756,4.38965211686132,1.13532137907473e-05,0.000140299203998067
"g1051",21.1724774243945,3.84484897864168,0.876801398797958,4.38508536130614,1.15940304382858e-05,0.000142236909652303
"g292",1723.52188614333,-2.27066190730726,0.520330339870131,-4.36388527310168,1.27772604233074e-05,0.00015524908574436
"g696",537.306273670893,-1.6361115420238,0.37501007858589,-4.36284685519213,1.28380815145956e-05,0.00015524908574436
"g1547",708.247222702164,1.16629676540822,0.267735288788511,4.35615630156808,1.32366273080457e-05,0.000158933404485967
"g1781",519.099750486994,-2.48711295563438,0.57312633845805,-4.33955445552503,1.42771885537327e-05,0.000170159745060327
"g1005",1971.01076448664,1.69366793271491,0.390417871521179,4.33809017531881,1.43726187499272e-05,0.000170159745060327
"g1276",254.338969400394,1.82677659530122,0.422112256688047,4.32770327408725,1.50672267135518e-05,0.000177144547403077
"g228",180.464475253772,-2.10678393450848,0.488120076214958,-4.31611817904555,1.58796985618853e-05,0.000185409170105323
"g684",142.712641478018,1.68926345555944,0.39238272172322,4.30514230631954,1.66878426631069e-05,0.000193510394716713
"g406",12.7792796484113,4.72879984364857,1.09976732717305,4.29981844960237,1.7093808565518e-05,0.000196741446701679
"g111",372.291789631758,-2.44580885870176,0.568996546069643,-4.29845993898599,1.71988978805957e-05,0.000196741446701679
"g1773",307.483442398488,-2.3714023203649,0.552505731334825,-4.29208637281593,1.77002066157868e-05,0.000201117112755215
"g1021",48.2166799616359,2.28381340633512,0.532284885841132,4.29058473589039,1.78203272134136e-05,0.000201132093148728
"g119",2261.06676492591,2.01193088254606,0.469972588377723,4.28095368176888,1.8609409142884e-05,0.000208647216416574
"g887",72.0103755152215,2.22647349019622,0.520848452684559,4.27470501010519,1.91390527289826e-05,0.000213173791251102
"g616",243.784584814439,-1.83739494595896,0.431141151602227,-4.26170162400583,2.02876199153722e-05,0.000224489807298858
"g1754",950.105435283303,-3.03084199532207,0.712557948105627,-4.25346738939581,2.10485603561114e-05,0.000231397484953874
"g156",219.355291473961,-1.83266501855975,0.432111321569022,-4.2411872290345,2.22340564565301e-05,0.00024285327471552
"g1692",427.488771361142,-1.66228678806964,0.392323377842205,-4.237032208512,2.26493656038336e-05,0.000245803692098014
"g223",19.6626141909197,3.14060537304871,0.743240362253189,4.22555815392981,2.38349259862424e-05,0.000256754989262785
"g1936",164.383429608784,2.00070057094177,0.473610024314265,4.22436280532399,2.39617769069817e-05,0.000256754989262785
"g634",2001.61431011185,-1.83042537049672,0.434289561274899,-4.21475792584867,2.50046243829418e-05,0.00026624420805233
"g1764",434.211050243183,-1.31427457133868,0.311941098937267,-4.21321389139233,2.51762440891588e-05,0.000266396132768411
"g1593",2144.24613983904,1.70229332751595,0.404180149485162,4.21171927835721,2.5343437406786e-05,0.000266499624408005
"g234",143.922026323672,-4.04976622947022,0.965474064986306,-4.19458831297313,2.73367631342011e-05,0.000285686049297546
"g1133",4172.91610174443,1.65811706610071,0.396789371374315,4.17883437844535,2.93006960275075e-05,0.000304331769169142
"g1470",74.9681866971393,-2.2694910598295,0.543669777501765,-4.17439253338326,2.9878221522312e-05,0.000308437981934599
"g507",1443.8732952655,1.22536667738669,0.293703219404311,4.17212545327892,3.01771397691339e-05,0.000309635743206931
"g1412",104.766164210048,-2.27282943835963,0.545310342880012,-4.1679558585958,3.07343431861135e-05,0.000313453271169218
"g422",826.559677893786,1.61866883000935,0.389792189712907,4.15264562176462,3.28653482973853e-05,0.000333179848308223
"g584",801.588008438792,1.31232004235209,0.316639480964108,4.14452436050085,3.40519757744856e-05,0.000343154732060739
"g288",11.4689521623906,7.07230845207691,1.7118576354429,4.13136484345972,3.60615697860995e-05,0.000361255844070216
"g1140",380.580831842494,-1.80506868582514,0.437571163702899,-4.12520027725306,3.70412281754007e-05,0.000368887054711491
"g640",549.060839347412,1.20011196881343,0.291946627064956,4.11072387058753,3.94420656837583e-05,0.000390499515804695
"g1504",61.5469330802989,-1.76681848148342,0.430412341100816,-4.10494382425148,4.04413142303531e-05,0.000398064796465045
"g1493",18.7796524130767,5.31943061046156,1.29654042498009,4.10278808741596,4.08201099135403e-05,0.000399470786610542
"g212",74.6718415197771,-2.18950777498219,0.534233767622986,-4.09840767783018,4.16002102785917e-05,0.000404765264377332
"g186",12.4493395465955,3.89109431559377,0.950047396278484,4.09568441620484,4.20923000767509e-05,0.00040627471544044
"g478",7749.754253485,-1.7001011068637,0.415269301220811,-4.0939725182327,4.24044594043776e-05,0.00040627471544044
"g1340",2712.15485031126,1.56588380233377,0.382521302654882,4.09358587735057,4.24752655835545e-05,0.00040627471544044
"g370",33.6485319866158,2.35516158487294,0.575813144227987,4.0901490500544,4.31096061818403e-05,0.000410025636325031
"g1767",389.344700703504,1.76957005787441,0.433416022210416,4.08284412018187,4.44878651805705e-05,0.00042077070251791
"g1870",405.77879559383,2.3004095783306,0.564008196319317,4.07868111375496,4.52919109962178e-05,0.000425995585092204
"g1568",466.138188271819,1.81105345115871,0.445020625606595,4.06959441192218,4.70950523536522e-05,0.000440507865385266
"g1032",19.9555151328976,4.14906476770092,1.02675407588316,4.04095280959281,5.32344709049602e-05,0.000495197578253283
"g941",1661.74780490844,-2.93903609572896,0.729110121279356,-4.0309906692447,5.55422488901242e-05,0.000513841679622843
"g2002",14.4928647451766,-7.20617600116329,1.79292304916956,-4.01923328750836,5.83878363631978e-05,0.000536104375330328
"g1225",291.914670103007,1.1371512065326,0.282982474794258,4.0184509919187,5.85819902162497e-05,0.000536104375330328
"g1679",538.532597323014,1.81771370696188,0.454492220270396,3.99943855118234,6.34929301751815e-05,0.000577922208530012
"g1084",260.203391031755,-1.51416560803196,0.380204457694643,-3.98250356456378,6.81931017107445e-05,0.000617384605327756
"g1273",187.849746820254,-2.67252397445622,0.672225701028662,-3.97563492494655,7.0191734068766e-05,0.000632098966906494
"g743",2344.14339170665,1.23751171998115,0.311589900368783,3.97160408125068,7.13902974638831e-05,0.000639490865642085
"g718",13.7787847457157,4.08478179936036,1.03193130425528,3.9583853910782,7.54581337095024e-05,0.000672371686158882
"g432",45.0544644923903,-2.35522757909234,0.595744764745437,-3.95341716531698,7.70429433789284e-05,0.000682898969322124
"g1675",457.403989688893,-1.35013447273573,0.342239191957751,-3.94500251421351,7.97991413267903e-05,0.000703645553470084
"g1872",306.2768826369,-1.6885059647662,0.429106983382125,-3.9349300527756,8.322092949763e-05,0.000730015718339314
"g203",1874.08170367127,2.09628476948988,0.533883207472402,3.92648568104334,8.61960211467879e-05,0.000752215792791299
"g410",163.716375848379,-1.52610131188353,0.388893975726124,-3.92420918589462,8.70151022651945e-05,0.000755469580179355
"g1546",330.645713758091,1.21695931572717,0.310454821572726,3.91992403133636,8.85768855666372e-05,0.000765105445226106
"g1724",2073.79732564452,1.14282388284207,0.292729322125383,3.90402941032526,9.46042769256641e-05,0.00081302051185355
"g138",834.899294405203,1.06817630383067,0.273908417194906,3.89975713331433,9.62892273389445e-05,0.000823321524670874
"g274",3571.78214185657,-2.70714514270872,0.695020842539293,-3.89505605733783,9.81760217717429e-05,0.000835236205324425
"g1351",733.440444860721,1.22490538921707,0.314752182260401,3.89165018784105,9.95647269223451e-05,0.000842815413397651
"g337",35.3582244462501,2.0630111935303,0.530313772146495,3.89017087974176,0.000100173656473551,0.000843751245819508
"g262",28.4060182658584,3.27349489310818,0.841878392560101,3.88832273406338,0.000100939351271038,0.000845991691593403
"g1015",3364.51748623482,1.30841316605952,0.336855403125234,3.88419824625192,0.000102668113139172,0.00085624194849566
"g1313",228.035677959031,-1.39663111231991,0.359784114646023,-3.88185874658196,0.000103661087013715,0.000860285393697157
"g1716",51.9947635035682,-3.19084703544838,0.822647683166904,-3.87875283762393,0.000104993363961028,0.000865159300194145
"g1919",291.782604297225,-1.1834210793472,0.305153949681497,-3.8781116239275,0.000105270416916712,0.000865159300194145
"g905",91.6140291708349,2.39330247192543,0.620764226252909,3.85541300659674,0.000115534410751951,0.000941336414634426
"g1533",434.901915954812,-2.17831833619644,0.565201447040696,-3.85405654497484,0.000116176745596685,0.000941336414634426
"g338",462.830247942654,-1.43041065470897,0.371150418518967,-3.85399176004397,0.000116207507772354,0.000941336414634426
"g699",326.636632429627,-1.67723772652475,0.435797224711927,-3.84866546048669,0.000118763066744215,0.000953201346139738
"g1274",4436.10176430065,-1.51104470588573,0.392622647304601,-3.84859283146101,0.000118798277634663,0.000953201346139738
"g1656",11.3277010755611,-4.27142319850927,1.11221129898861,-3.8404781558985,0.000122794899113709,0.000979503356494412
"g976",27.1288057588787,-4.49795386104283,1.17146327521411,-3.83960296170678,0.000123233440598529,0.000979503356494412
"g1812",1222.0652363153,-1.08706750285717,0.283261456141556,-3.83768239302533,0.000124200977770186,0.000982580632546378
"g838",1936.28534279875,-1.15571037591458,0.301529137545891,-3.83283149788033,0.000126676726092479,0.000997505568718918
"g275",1379.87055051422,-1.55037320983044,0.405663485718849,-3.82182095359934,0.000132469858992261,0.00103450891389776
"g579",1163.96853264664,-1.9557761921495,0.51177127965329,-3.8215825504598,0.00013259801199989,0.00103450891389776
"g1976",262.298966017521,-1.89562312587552,0.498178476103454,-3.80510844366923,0.000141742076435161,0.00110077676791159
"g1981",82.5187018553504,-1.93206649317587,0.509278625475878,-3.7937317541464,0.00014839999108982,0.00114722002244322
"g1520",177.289822054906,-2.6021376950594,0.686670711696449,-3.78949859188068,0.000150951667089338,0.00116164169264659
"g1104",815.178028909207,-1.91987042579722,0.506827646396686,-3.78801440577804,0.000151856046586754,0.00116331351525508
"g1913",85.3610596461478,-1.56931927276144,0.415964084827552,-3.7727278147392,0.000161472413265242,0.0012314089894507
"g516",818.007898495892,1.35346612335764,0.358952779980496,3.77059657660592,0.000162857761670694,0.00123640444174208
"g1237",189.836629064732,3.25878453185356,0.865532874216764,3.76506153484059,0.000166508071275543,0.00125847394941738
"g420",310.543793771661,-1.37304881827044,0.365608404334019,-3.75551765767406,0.000172983563893893,0.0013016052163216
"g1683",963.049072651795,-2.60381618152821,0.69457789290725,-3.74877491512087,0.000177700476957072,0.0013311810065855
"g1867",3621.44226061632,-1.23927741300387,0.330884960656483,-3.74534221967997,0.000180148038329057,0.00134357105238367
"g249",349.721200525241,1.28901046791252,0.344268732093323,3.74419849306297,0.000180970547224261,0.00134378568618717
"g321",892.386007753026,1.1157114119055,0.298955114838224,3.73203653835879,0.000189937942145,0.00140421369454797
"g894",446.717568459795,1.68827370783604,0.453906619372078,3.71942958261229,0.000199673203765541,0.00146931942784029
"g1866",11.5364562032114,5.11940999799396,1.37677366009522,3.7184107645115,0.000200480087319024,0.00146931942784029
"g534",747.862258731515,1.1663825425063,0.314256174794566,3.71156602815769,0.00020598091992784,0.0014957544126185
"g1925",111.978191764011,-3.12690635183568,0.842652313796204,-3.71079067919337,0.000206612898231842,0.0014957544126185
"g352",439.187051263409,-1.5566995995763,0.419523422171457,-3.71063811293016,0.000206737467544436,0.0014957544126185
"g566",2823.08014123178,-2.22130176820825,0.598817638197064,-3.70947952517933,0.000207685751042423,0.00149622117665882
"g681",831.509727006629,3.9514801747721,1.06579805157369,3.70753180580278,0.00020928913752531,0.00150138351623029
"g1224",384.359336026265,1.10056899952905,0.297590260759057,3.69826954928516,0.000217074305277041,0.00155066159845582
"g1123",317.122292728423,-1.38695049916039,0.376094477584169,-3.68777150908842,0.000226226651265711,0.00160925092686071
"g97",100.252346254072,3.05404879912966,0.828853299671092,3.68466748016999,0.000229001407271423,0.00162217314857958
"g1246",22.3400098529046,4.56215186001269,1.24219396515807,3.67265659629263,0.000240041962026797,0.00169329600713069
"g1624",375.693140201959,-1.1312928860731,0.308492758987722,-3.66716188018575,0.000245257538508938,0.00172290876637191
"g1365",24.1866225909323,-2.81223172602632,0.767874033687558,-3.6623607553457,0.000249901595516006,0.0017482785173909
"g69",97.6903943610987,-1.96480844945282,0.538891142905632,-3.64602104769959,0.000266332171147096,0.00185555706070796
"g1962",55.5902140462332,-2.24333513089755,0.616771213878075,-3.63722411231244,0.000275592127763361,0.00191220275534168
"g64",923.193398948785,1.03727973752091,0.285288536512809,3.63589701219677,0.000277014995914933,0.00191423015544482
"g1800",677.165102305166,-1.98044073467758,0.545028540541212,-3.63364592377311,0.000279444284705089,0.00192316737400697
"g259",9927.39197394277,2.94632139174477,0.812743987617688,3.62515310679937,0.0002887903070206,0.00197944125419383
"g1090",228.298677686883,1.18197207026304,0.327259690038457,3.61172520246581,0.000304166782487364,0.00207332317483565
"g204",8.30425658557845,6.58544660530068,1.8236829625969,3.61106987363807,0.000304936485844109,0.00207332317483565
"g1396",1073.72284861266,-1.70947164292228,0.474180247893374,-3.60510934505791,0.0003120215261912,0.00211300977536681
"g1634",2342.95884546799,1.34323651293332,0.373011992067866,3.60105450092052,0.000316929124664296,0.00213055679083981
"g220",12.1984649928887,3.56835348704112,0.990964268889893,3.60089016230473,0.000317129540042311,0.00213055679083981
"g1144",546.504768181001,1.16045815526559,0.322443858784655,3.59894637050787,0.000319509064468122,0.00213805868041317
"g754",111.340891054101,-2.10687717099565,0.590431233842898,-3.56837011701222,0.000359208844934782,0.00239425423021491
"g1098",392.732004722578,-2.33237656468628,0.65601909731465,-3.55534857785945,0.000377478296120662,0.00250615982483247
"g911",1080.81230444456,1.54259059077385,0.434301021613555,3.55189261365925,0.000382470919685027,0.00252938776182325
"g1323",14.908939208924,3.27012933270392,0.922615480039198,3.54441194999784,0.000393489909753205,0.00258253975074208
"g1512",460.286476090599,-1.37120151765416,0.386867955159756,-3.54436571798231,0.000393558922440317,0.00258253975074208
"g1837",297.043551886555,-1.88078718169895,0.531510832484495,-3.53856792138627,0.000402303767779293,0.00262973080637198
"g691",201.869604620243,-2.12284288710036,0.600151356238672,-3.53717918827152,0.000404425180215005,0.00263343011578463
"g531",142.319240824771,-2.76919920993373,0.784051286152839,-3.53191080588818,0.000412568487655729,0.00266820782500899
"g1259",81.0246153980345,-1.99664027409457,0.565350329391821,-3.5316867618039,0.000412918163114208,0.00266820782500899
"g992",326.825932106694,-1.63850863974134,0.464315562250676,-3.52886866810795,0.000417340189321919,0.00268652829095821
"g1346",337.650782974005,1.53414819678276,0.435056678473858,3.52631800105776,0.000421380673677244,0.00270226318384687
"g632",1423.32274005609,-1.00591220733073,0.285447147128871,-3.52398760137753,0.000425104140461155,0.00271585399924806
"g465",6164.57597636793,-1.87745900608875,0.533204386372707,-3.52108694915427,0.000429781665416023,0.00273541488552378
"g904",527.643523936653,1.10394742601903,0.314144154513776,3.51414282314975,0.000441175537307056,0.00279741642195073
"g240",389.638299095245,-1.94421720227374,0.553750640422512,-3.51099765914546,0.000446428329526215,0.00282016105182046
"g687",347.440192110378,-2.22304397664396,0.633388378975427,-3.50976438854146,0.000448503922421804,0.00282274029985173
"g1058",134.118898749281,1.43335507314519,0.411645776254458,3.48201088369522,0.000497663464580578,0.00312053424272192
"g1392",243.204493863625,-1.45851509479192,0.419091002572072,-3.48018708547936,0.000501063757753516,0.00313026177814281
"g1791",1185.88964883964,1.13932915266116,0.327776868787407,3.47592908821188,0.000509086876411079,0.00316869147707337
"g461",6.17443412152039,6.15787797689501,1.77275439643108,3.47362160787308,0.000513484616048946,0.00317658970949548
"g1395",155.773055636771,-2.08340754817772,0.59983591295591,-3.47329578502723,0.000514108434968554,0.00317658970949548
"g1003",853.576342746331,1.16403554747269,0.335320452647202,3.47141231106889,0.00051772839203284,0.003187324246224
"g813",4.80477621244618,5.80305223663361,1.67337983149257,3.46786313986919,0.000524614395430164,0.00321801511399734
"g1052",14.5949341740909,-2.78522151802447,0.803869052816831,-3.46477017402872,0.000530684787433552,0.00324349944088449
"g609",476.856785602815,0.990195723053926,0.286321712570349,3.4583326362671,0.000543529855845963,0.00331005771923459
"g1258",1983.63273559887,-1.80157842056315,0.521176952922614,-3.45674997802648,0.000546731853841049,0.00331762375825411
"g58",1490.61301936919,-1.44454163248314,0.418241777537698,-3.4538434706058,0.000552658047994154,0.0033416074116218
"g55",2131.47542891457,-2.86475055799692,0.830591011293746,-3.44905075909108,0.00056256094267784,0.00338937962972805
"g972",715.359428525239,1.47118031843024,0.427041343831443,3.44505359886403,0.000570946165545575,0.00342770162506617
"g340",139.566619500324,-2.04204205009512,0.594477135519877,-3.43502201865061,0.000592505684368677,0.00354456580790166
"g1068",122.636861908211,-1.3754940254999,0.40068882644633,-3.43282351469349,0.000597330779377523,0.00356084862495122
"g1498",42.425156078308,1.9674112375231,0.575463329274305,3.41882990181863,0.000628910280403959,0.00373594773587334
"g504",477.484293470386,-1.17219197616632,0.343124017273026,-3.41623412281745,0.000634936326328441,0.00375855664501417
"g485",56.3040412750887,-1.46401451205856,0.430613462961533,-3.39983451049076,0.000674266484802495,0.00397746745216246
"g1293",1437.35430053349,0.844535406789116,0.249137466063073,3.38983702505552,0.000699341863022532,0.00411106171561509
"g1227",225.661439580817,2.3633465331239,0.697950567301181,3.38612309215885,0.000708875791975797,0.00415268759797587
"g811",452.356125016078,1.45118696791379,0.430541779437611,3.3706066106044,0.000750028784102865,0.00437861631546948
"g1832",1738.46346595333,1.17401680075749,0.348536570378083,3.36841783771486,0.000756009263557189,0.00439836317251657
"g1014",650.768398730107,1.13741221143625,0.337907855317766,3.36604252767855,0.000762549509532475,0.00442122027273452
"g1579",712.973245768157,0.986951015877222,0.293393035748384,3.3639210738582,0.000768435153855603,0.00442593009080591
"g1508",86.1355619079764,-1.53635500368946,0.456723099039058,-3.36386534187113,0.000768590340636112,0.00442593009080591
"g349",62.8203555144216,-2.26706344816042,0.674346896802486,-3.36186532318904,0.000774178726793189,0.00444299859139278
"g248",137.392368428753,-1.78379639531895,0.530952731534615,-3.35961431098251,0.000780513538086344,0.00445640535727094
"g961",33.3404651071848,2.36563905764932,0.704233926636225,3.35916656124308,0.000781779321387756,0.00445640535727094
"g235",329.414212263461,-1.50588325895301,0.449747867289631,-3.34828326819667,0.000813138530104072,0.00461960916599394
"g391",90.6255435162764,-2.75475368646046,0.823085022998987,-3.34686406566269,0.000817312782073199,0.00462779444832751
"g619",1384.29416022886,1.11613572355168,0.334019443014758,3.34152920404208,0.000833182509877922,0.00470192663074441
"g1628",179.517095942773,-1.56077856330244,0.467935082281353,-3.33545960198812,0.000851585259761818,0.00478871675842754
"g955",207.24638644702,-1.44544885329205,0.433469811374851,-3.33460096957496,0.000854218819282409,0.00478871675842754
"g1733",26.4590362999556,1.9570794898799,0.587171520497955,3.33306269387892,0.000858955846140037,0.00479938035483526
"g2008",795.319251064743,1.10815316062278,0.33264185471523,3.33137019564618,0.000864195930495288,0.00481277536292277
"g363",1186.83551864857,-0.945415975653499,0.283925761791261,-3.32979990857102,0.000869084134817079,0.00482412931227972
"g1249",48.6594835243445,-1.87097479664813,0.563401275851833,-3.32085651353791,0.000897416615236384,0.00495440106270827
"g651",576.503355969521,-1.67433306818891,0.504233808160548,-3.32054900145809,0.000898405863113667,0.00495440106270827
"g1382",107.965061053508,1.41284073475536,0.426025056496137,3.31633248611087,0.000912072476753071,0.00501343734786672
"g1433",196.163815873773,2.49863925804522,0.753810675466944,3.31467746393675,0.000917489209687446,0.00502689071844934
"g877",1090.94517227345,2.03972055396128,0.616654888948128,3.30771812648819,0.000940594298539926,0.00513685854009063
"g1920",953.010064495522,1.72844632620019,0.522895124572399,3.30553153964409,0.000947964343608812,0.00516046184479009
"g108",10.4652391778122,3.67351672954655,1.11238554438995,3.3023772630569,0.000958690334730886,0.00520212415608779
"g828",421.818519397695,1.2397722357836,0.37565172569888,3.30032354696912,0.000965734215722721,0.00521467465560205
"g265",597.973143953882,-1.08343217648188,0.328321883038703,-3.29990851189826,0.000967163521476103,0.00521467465560205
"g24",24.5842061827606,2.89594115436446,0.878314931845178,3.29715578019449,0.000976693130128926,0.00524933799780404
"g404",50.1824837872247,1.59755042613352,0.485118554655106,3.29311342723078,0.000990844926231418,0.00530854575984111
"g1160",495.164570173314,1.08858933776095,0.330712916455502,3.29164445534265,0.000996034481610851,0.00531951538601631
"g62",43.5343423721422,-1.95877977023737,0.596232538791619,-3.28526144213334,0.00101887781830925,0.00542440297609296
"g252",231.290720691269,1.53658354187537,0.468249607703855,3.28154795347354,0.00103238968232843,0.00547910887831361
"g154",488.137195196202,-1.65867497469406,0.506484742127857,-3.27487649030767,0.00105708178633804,0.0055774953926156
"g1899",273.863315030087,1.35236899350267,0.412973900392576,3.27470814067692,0.00105771188381657,0.0055774953926156
"g289",1537.97062158901,1.46471471118688,0.447393945426944,3.27388138833465,0.00106081129144845,0.0055774953926156
"g555",495.365643518813,1.46770217753358,0.448790661208947,3.27034919483374,0.00107414798030446,0.0056301316738559
"g669",273.404108397605,-1.44002786670846,0.440847110851316,-3.26650176730802,0.00108885128217394,0.00568958401456936
"g219",165.685446306367,-1.3787536860387,0.422225379424421,-3.26544483876886,0.00109292290099687,0.00569328760426984
"g921",114.306856288253,1.34881742730084,0.413826194511529,3.25938146301482,0.00111655428395512,0.00579854724765649
"g1444",16.7167399355929,-2.91104475759154,0.893380465165586,-3.25846027655416,0.00112018557716169,0.00579961523588607
"g193",794.21161254332,-1.79517914138544,0.555788611061158,-3.22996748342493,0.00123804297738869,0.00639026451438736
"g505",59.0622901021358,1.39271156130424,0.431353604817606,3.22870041133223,0.00124354092293407,0.0063991330775908
"g1217",979.35969766979,-1.11755903661154,0.346820281739381,-3.22230012329941,0.00127165855862648,0.00652399375683219
"g1621",25.9199464878215,2.18427405500213,0.679054020333761,3.2166425491871,0.00129700082911767,0.00663390454288888
"g54",37.9548008896188,1.78755142952288,0.556383781476381,3.21280290518095,0.00131446459493276,0.00670297758801554
"g513",10.5968127887717,-3.92687411033614,1.22345476801536,-3.20966022855603,0.00132891956833584,0.00675633882640411
"g1564",181.075967298245,-1.2972906875168,0.404578265409794,-3.2065259022325,0.00134348209312893,0.00680992569960261
"g878",65.0103691057347,1.65502621498309,0.517529826775738,3.19793397279933,0.00138415968731427,0.00699517119588973
"g1521",1540.39517063149,-2.21289946369473,0.697053304274095,-3.17464883980319,0.00150017930620886,0.00755893918277262
"g1203",611.874557528517,-1.49772410776059,0.472284271971879,-3.17123435321548,0.0015179263026161,0.00761490451253269
"g652",106.105790575054,-1.39615945194445,0.44031996990892,-3.17078385573393,0.001520282176749,0.00761490451253269
"g1492",723.477686871744,-0.879107565190349,0.277350294009606,-3.16966516415483,0.00152614694194183,0.00762173089294252
"g1187",357.565214716787,-1.30671817420796,0.412891246512279,-3.16479989645191,0.00155189640111009,0.00772753119729232
"g386",89.1184024753782,1.80503700887835,0.572483421182665,3.15299437868334,0.00161604918790549,0.00802337617338417
"g357",1713.88167429813,1.80306258133283,0.572146805789155,3.15139849264016,0.00162490631791205,0.00804376139247106
"g1004",367.811849269473,0.939087888613423,0.298146533711603,3.14975283100826,0.00163408647158379,0.00806562214691355
"g263",552.172905731469,0.852587844979763,0.270978003981415,3.14633598466626,0.00165329961249308,0.00813673326729879
"g1635",2381.80700784542,1.30746986378594,0.415910437763507,3.14363320818938,0.00166864449676111,0.00816270291899963
"g1707",13.016364870337,3.10054922517111,0.986480142332769,3.14304271532433,0.00167201438492539,0.00816270291899963
"g139",176.225165466234,1.18880754718146,0.378256230503294,3.1428630946797,0.001673040704603,0.00816270291899963
"g1013",101.608989886676,1.75046467630769,0.557970936015308,3.13719687410325,0.00170571549868674,0.00829820787148462
"g1758",101.9149417666,-1.43799393894059,0.460356604843615,-3.12365223787565,0.00178621434535777,0.00865425636372288
"g1038",199.089130920017,-1.17458477380251,0.376087005951881,-3.12317297650213,0.00178912565109451,0.00865425636372288
"g27",1723.47893286183,-2.4109523358069,0.773650234039578,-3.11633375100041,0.00183114898004942,0.00883229408325833
"g1720",431.704622857081,-1.34003484394652,0.430437431764018,-3.11319310324567,0.00185074881154672,0.00890147084644487
"g1993",752.693112739675,-0.970862689857109,0.312111479200264,-3.11062794724753,0.00186689997428728,0.00895371574070359
"g1064",806.088420756805,-1.54830569016227,0.498097183493636,-3.10844096588241,0.00188077215721276,0.00899476627729155
"g1678",85.1509604027791,1.275784029552,0.410969580947504,3.10432715387507,0.00190712323445395,0.0090950975660015
"g1786",7.00269338985802,4.44164783007739,1.43211891889597,3.10145182182321,0.00192574206522198,0.00914409212194006
"g808",1444.63390541881,1.86596011518681,0.601714093953639,3.10107430412056,0.00192819898850124,0.00914409212194006
"g1248",400.00906439578,1.79008955210975,0.577689378585025,3.09870601480392,0.00194367783461859,0.00919175020672982
"g384",99.8169537777153,1.38259824600079,0.446681411029362,3.09526703342016,0.0019663577718848,0.00927310225014197
"g974",480.506197912884,-1.00370976233319,0.325008384425171,-3.08825805866027,0.00201333556774377,0.009468269767195
"g962",1014.70865452287,1.18891285079849,0.385532179042953,3.08382261047535,0.00204359406684418,0.00958394669021383
"g1081",54.126133323494,-2.20632530110076,0.716578816189053,-3.07897086999384,0.00207716990902481,0.00971449904966576
"g758",33.2391174366083,3.3462264872936,1.08794708239164,3.07572541114552,0.00209991134414556,0.00979380139294336
"g417",949.121085598315,0.933188805260467,0.303493035186983,3.07482774583452,0.00210624161616403,0.0097963380663893
"g585",1801.9449034113,0.90433690395418,0.29491697924475,3.06641179585553,0.00216644717121043,0.0100487535913952
"g1223",2527.80131231358,1.34725706332926,0.439565531065366,3.06497431694414,0.00217688689906595,0.0100695888527832
"g975",226.20580172038,-2.54042777791615,0.82936534166521,-3.06309855294345,0.0021905790338173,0.010105314180525
"g1288",592.220332264686,0.932279392334837,0.304542227407495,3.06124835386914,0.00220416184667199,0.0101403424087382
"g1243",4600.82609867545,-1.96640472402947,0.644156493887221,-3.05268167392527,0.00226806394182485,0.0104060494675053
"g1686",874.71551093698,0.986706888897456,0.32376363982967,3.04761488787486,0.00230665332695577,0.0105290077058617
"g881",477.584828424778,1.09058888340804,0.357859884806019,3.04753041542838,0.00230730174771099,0.0105290077058617
"g1961",1401.92228212624,-2.54718585642472,0.836732123654496,-3.04420708183125,0.00233294493396502,0.0106174079924806
"g290",525.685521463015,-1.25441464299306,0.412676173526575,-3.03970697477711,0.00236808425622862,0.0107301783187573
"g1657",6.52636667668833,4.35928947969117,1.43425393444304,3.03941259982251,0.00237039969947739,0.0107301783187573
"g1687",1039.63519252563,0.877510493380272,0.289539445264328,3.03071138572905,0.00243978338407119,0.0110148087179534
"g238",347.5642793546,-0.846914321632841,0.280371525560925,-3.02068592714065,0.002522028138737,0.0113558341459621
"g192",416.314044841941,1.04365196288574,0.34672050633743,3.01006702461969,0.0026119004564972,0.0117293036415113
"g1970",85.367869675584,1.07776578954495,0.35946437825225,2.99825477780344,0.00271530574216222,0.0121287240693345
"g1025",32.2039368281144,1.7337693340263,0.578387378112622,2.99759192478212,0.00272121777573145,0.0121287240693345
"g1850",228.49636470659,1.20747740886843,0.402832637813229,2.99746667852736,0.00272233617622392,0.0121287240693345
"g1018",441.5075357424,0.983485925859286,0.328356000685976,2.99518182644649,0.00274281287175441,0.0121878797687145
"g165",189.150129894424,-1.49479418379761,0.499530356798153,-2.9923990873724,0.00276794159556292,0.0122673432494451
"g133",3199.28830783091,-1.71484921057541,0.574494365981122,-2.98497132804216,0.00283604905667159,0.0125363735063838
"g1578",1002.62918874212,1.06508277772317,0.357983242214392,2.97523082682543,0.00292768159600004,0.0129077212031981
"g1612",65.0032112196489,-1.66610577524456,0.560704348916948,-2.971451493934,0.00296395690347587,0.0130337117859341
"g94",746.318395973565,-1.04188691180735,0.350833148916379,-2.96975047832689,0.00298041726648279,0.0130721410159466
"g159",1473.51643380864,-0.927510751515659,0.31263201225052,-2.96678112020218,0.00300935110167127,0.0131649390571821
"g1948",661.1747466337,0.850432778096983,0.287215658820194,2.96095547711547,0.00306686270260923,0.0133662564260358
"g1211",519.845038066545,-1.34082666687169,0.452901775532307,-2.9605242004092,0.00307115992305253,0.0133662564260358
"g1825",194.02450150917,-1.29466859262248,0.438183213657899,-2.95462845738599,0.00313045799815844,0.0135575946932049
"g1266",39.2720876385611,-2.07083502044306,0.700894254600876,-2.95456127204566,0.00313113970764508,0.0135575946932049
"g1834",225.508633257348,-1.74548909354839,0.590952993887546,-2.9536851688758,0.00314004166118441,0.0135614554397582
"g1254",56.1387234886711,1.4146518133179,0.479796696518827,2.94844008635725,0.00319382041191109,0.0137586207566551
"g626",45.7125928049967,1.57045108383222,0.533108958695053,2.94583510222071,0.00322084055653941,0.0138137250007325
"g1560",109.673379308249,1.04744546238094,0.355695987828433,2.94477727672927,0.00323187217314782,0.0138137250007325
"g1711",252.400263219544,-1.38155390502884,0.469197503237048,-2.9445039572831,0.00323472809800367,0.0138137250007325
"g973",31.4392277144123,1.64371330083809,0.558312925773289,2.94407172923942,0.00323924915847065,0.0138137250007325
"g85",3535.0738241263,2.51268811644921,0.854515137035685,2.9404840330456,0.0032769989040378,0.013919990904847
"g168",223.707260221571,0.978757250666365,0.332894481712495,2.94014261105016,0.00328061215064027,0.013919990904847
"g135",8479.72424266798,-0.851071845395951,0.289588844474523,-2.93889720420783,0.00329382299499038,0.0139382902493099
"g1642",434.796673922238,-1.29054226848254,0.439230988160973,-2.93818583676425,0.00330139066153176,0.0139382902493099
"g217",213.121156057869,1.38698026556743,0.472733731049755,2.93395663238901,0.00334670966026815,0.0140944762558059
"g583",489.961630309771,1.37583346986106,0.469284628051636,2.93176760460535,0.00337038852464697,0.0141589771023011
"g1196",2048.02624789375,1.16185110668098,0.39710968053729,2.92576878284355,0.00343606211024631,0.014399141466948
"g281",14.4893887522084,3.62847537235153,1.24351057050702,2.91792885272545,0.00352364738548659,0.0147297161077254
"g1454",743.575570227045,-1.49202402281234,0.51224292583838,-2.91272743370808,0.00358287185334687,0.0149403991323061
"g372",194.656690777765,1.13436878161164,0.390392764055685,2.90571159625754,0.00366419008366775,0.0152419503971732
"g518",5534.40175702049,1.15690814629912,0.398392649143098,2.90393948981617,0.00368499372635817,0.0152909175949127
"g1562",7210.71889709212,1.65600061132645,0.571125438330438,2.8995392258615,0.00373711581321867,0.0154692837940812
"g686",247.491888403658,-1.40657594139411,0.485243705207334,-2.89870002701656,0.00374713206789661,0.0154729136364609
"g250",634.81037329034,1.34188688353645,0.463750952485408,2.89355067918415,0.00380912814620701,0.0156906422178308
"g885",11.850697834525,2.59808093307322,0.898237617635805,2.89242053779874,0.00382285870884637,0.015708980082711
"g162",648.810784660496,-1.28827704886951,0.445657105249934,-2.89073602483464,0.00384340804832223,0.0157551811762943
"g1147",165.475242528966,-1.76279884498327,0.610010240610319,-2.88978565871219,0.00385504577778287,0.0157647161878899
"g456",6.14530641215904,4.19965092421172,1.45569958559909,2.88497088668426,0.00391449859834542,0.0159272197382806
"g1344",51.5429736611976,-1.91551142515066,0.664079108781555,-2.88446270906673,0.0039208219174902,0.0159272197382806
"g1445",4187.45498615332,1.03748689810236,0.35975670595269,2.88385700929448,0.00392837083480189,0.0159272197382806
"g166",226.357940552239,-1.38966997904535,0.481933095389943,-2.88353298899495,0.00393241456030791,0.0159272197382806
"g783",207.44220405692,-1.39390164389592,0.486503167524831,-2.86514402565483,0.00416819616635518,0.0168419000230055
"g1481",208.704469216046,1.52345432349984,0.531939170048707,2.86396341777265,0.00418376326759854,0.0168645505048674
"g412",792.2962508241,-1.26213806380414,0.441013940583187,-2.86190060598791,0.00421108945112531,0.0169343810944303
"g364",11.036597929263,2.58148051893985,0.902482697616699,2.86042106486594,0.00423078860936099,0.0169732822645691
"g879",133.278029829156,1.03581259041809,0.362490918207436,2.85748563175133,0.0042701196635293,0.0170905734996575
"g177",106.995127447796,-2.60156859662527,0.912196644953234,-2.85198220254214,0.00434475331298331,0.0173236990282226
"g710",288.023602504526,1.55685718989431,0.545943106682433,2.85168394075888,0.00434883171116042,0.0173236990282226
"g59",1134.57099656901,-0.903153968190245,0.317036592106164,-2.84873730880823,0.00438931053653652,0.0174165722206676
"g427",54.9017362395679,1.4670424231681,0.51502456646871,2.84849018606423,0.00439272081407268,0.0174165722206676
"g798",2166.59617991427,0.906844274903279,0.318688249374556,2.84555290847093,0.00443343936555745,0.0174915437675723
"g944",3120.20384989552,1.19733862561542,0.420856675527539,2.84500328791166,0.00444109646429067,0.0174915437675723
"g1102",57.1372276909734,1.4313394014651,0.503125796308441,2.84489368656346,0.00444262481987955,0.0174915437675723
"g126",764.612702615778,0.92750201705014,0.326635552336049,2.83956235142434,0.004517546548864,0.0177263327673464
"g1877",365.355158286124,1.15538526196113,0.406945674396295,2.83916339367691,0.00452319891051012,0.0177263327673464
"g823",609.603284401446,-1.87426613979043,0.660703131921543,-2.83677501927295,0.0045571711587582,0.0178182234914033
"g1571",8.9634831513952,3.05731454613617,1.0792863322714,2.83271867225626,0.00461539859921639,0.0180043083605377
"g866",12.8374004024866,3.72737605115859,1.31726659320906,2.8296292264409,0.00466019758398243,0.0181372747349017
"g1907",608.999291936227,-1.30392306338302,0.461356070198288,-2.82628353155212,0.00470915608203535,0.0182857826763437
"g453",57.9322040196769,-2.20754763312062,0.783134315591807,-2.81886208938808,0.00481942197739127,0.0186711245027996
"g1789",71.7959163428353,-1.96930558697296,0.700190334512645,-2.81252895092255,0.00491535984743076,0.0189993247070783
"g755",1107.49630688938,0.912998584472854,0.325064943345623,2.80866517033833,0.00497473562923657,0.0191850282922495
"g188",222.34771138906,-1.70184084726507,0.606798810791861,-2.80462126325561,0.00503757343302308,0.0193832086866093
"g143",414.538859594911,-1.12353565606535,0.401004037447589,-2.80180634393786,0.00508173681465541,0.0195087991546748
"g266",150.715460492228,-1.15529649129132,0.413008455835468,-2.79727079426083,0.00515363190449785,0.0197400425663232
"g1951",33.0836062430281,1.57480710115877,0.563281308584958,2.79577375843503,0.00517756310766009,0.0197654473605074
"g1645",170.575392108452,-1.2306860015719,0.440254583671179,-2.79539622576897,0.00518361407446267,0.0197654473605074
"g848",186.506163994314,1.19369794998254,0.428030696020758,2.78881388900353,0.00529014557092887,0.0200993183960263
"g1874",3660.41962374448,-1.66340298345632,0.596647732346351,-2.78791469954121,0.00530485097304167,0.0200993183960263
"g753",246.683814831027,0.794520110144974,0.28501310716999,2.78766165540274,0.00530899592475038,0.0200993183960263
"g1685",236.534094898902,1.07259861343623,0.384847796183227,2.78707225057245,0.00531866192641452,0.0200993183960263
"g1232",232.505799004644,-0.873806106349,0.314324196178646,-2.77995177263533,0.00543669719562471,0.0204996177108967
"g660",3225.26779271686,0.881157816697286,0.317506305056074,2.77524509801992,0.00551601203357879,0.0207524630507753
"g1235",1759.85911016666,0.766125208514033,0.276563248344086,2.77016274975501,0.00560282890822274,0.0210323488727741
"g1807",317.288047198527,-1.16861623653944,0.422979646559801,-2.76281907662481,0.00573045209060982,0.021463839357085
"g1838",1442.90886931171,1.58289776796374,0.574721380460659,2.7542002469005,0.00588357576419372,0.0219887279664017
"g256",57.4364248800688,3.05727700085703,1.11040170380639,2.75330719538422,0.00589965089417436,0.0220002400084519
"g987",2013.24158171048,0.898790051666792,0.327246834163911,2.74652023437638,0.00602311704962904,0.0223803792242602
"g1161",22.583913792398,1.56233505499111,0.568897021361375,2.74625283017378,0.006028028899151,0.0223803792242602
"g625",976.501606400667,0.78649943336908,0.286505546919779,2.74514557161191,0.0060484061557398,0.0224068963275
"g22",9.25493504541357,2.46804190121493,0.900239997800827,2.74153770910429,0.0061152340974199,0.0226050028972312
"g1406",34.6059235179609,-1.45228144879107,0.530450880583779,-2.73782456010401,0.00618470594556776,0.0228119981826715
"g1756",409.457246557821,-1.38329259926646,0.505494164334231,-2.73651546717328,0.00620936758621461,0.0228430293361871
"g124",67.5776277524699,1.28441199102951,0.469457920612838,2.73594700320066,0.00622010426697121,0.0228430293361871
"g470",178.683001592857,1.01462974488471,0.37275393635222,2.72198264306448,0.00648915506077623,0.0237795227660047
"g1082",368.903141349273,-1.77934275713617,0.655357138687165,-2.71507343415929,0.00662610759967952,0.0242289420437525
"g1799",70.4748515045675,-1.41665643859249,0.523273909616911,-2.70729423454272,0.00678341069742092,0.0247506773938225
"g336",609.882515347975,1.09677476549052,0.405742064694135,2.70313300228635,0.00686892548970197,0.0250087975356246
"g771",1413.26080572386,-1.74403495870501,0.649796010155633,-2.68397301837432,0.00727529774560534,0.0264231227108278
"g1955",12.0789287972024,-2.42019220867925,0.901925260301783,-2.68336226426285,0.00728859911751719,0.0264231227108278
"g1352",1031.22865082744,0.914768660199715,0.341078321736322,2.68199003543502,0.00731856396816193,0.0264750615343977
"g1369",4.70213851645185,-4.56728487910698,1.70409435072569,-2.68018309969867,0.00735818993470111,0.0265212395774288
"g1956",10.4604881369513,2.07186716418579,0.773090579729021,2.67997983484938,0.00736265954010133,0.0265212395774288
"g445",317.485778043258,-0.72710461096148,0.271691910139333,-2.67621001519183,0.00744599703207168,0.0267392989161878
"g1215",377.088093467516,-1.35212523799793,0.505313471359435,-2.67581474596419,0.00745478386795076,0.0267392989161878
"g1295",1928.91838826739,-1.02051100833055,0.381998653966791,-2.67150419964377,0.00755121275845709,0.0270279137422153
"g910",1819.70585357471,1.49699474416489,0.561521208457355,2.66596296207141,0.00767681500752067,0.0274195101428956
"g247",464.141851149879,-0.972579478107337,0.365054930688614,-2.66420036095042,0.00771715830263443,0.0275055768554949
"g641",344.384506978599,-0.999573164159385,0.375660724069173,-2.66084022128256,0.00779459355868916,0.0277232077623125
"g405",943.209190874864,-0.672004163313304,0.253081838409553,-2.65528402802979,0.00792416570052708,0.0281249738595228
"g1859",223.977015565753,-1.36572036278558,0.514480473823193,-2.65456209180627,0.00794114232477509,0.0281262635059503
"g1117",1486.65028470967,-0.98591167050062,0.372037106927171,-2.65003584896068,0.00804832304297905,0.0284463693356232
"g1397",513.252505996093,-1.40825178686957,0.532209915586428,-2.64604575305189,0.00814388006328645,0.0286766547345936
"g1219",1330.61471543457,0.673389766009364,0.254508109602047,2.64584797341935,0.008148642906004,0.0286766547345936
"g1526",312.118647579889,-1.01358203299847,0.383178012929795,-2.64519883395339,0.00816429272420207,0.0286766547345936
"g981",60.9825338136578,-1.62646237932864,0.615300070809088,-2.64336452487309,0.00820866078476958,0.0287426449137332
"g1858",804.572391741168,0.944622656660095,0.357402858815156,2.64301930821612,0.00821703493103771,0.0287426449137332
"g1801",1499.8268992007,0.991419653153939,0.375961647026911,2.63702337989538,0.00836370668824064,0.0291953720065802
"g18",364.980184445771,1.73502190568124,0.658267109042238,2.63574145183352,0.00839536730247982,0.0292455902121365
"g620",1114.60799071237,-1.09677773100557,0.416328127397092,-2.63440699494097,0.00842843909313616,0.0292556141335936
"g831",16.6483895261649,1.78964795719243,0.679381515442634,2.63423115953696,0.00843280549154973,0.0292556141335936
"g362",84.3653118023651,1.15200815753019,0.437551025182886,2.63285443577392,0.00846706270497039,0.0293143909192533
"g1370",109.188764551823,-1.25263989491373,0.476497657699055,-2.6288479590069,0.00856746560772155,0.0296014679058624
"g1429",742.627823751801,0.872328002107335,0.331919017977055,2.62813504156498,0.00858544256187779,0.0296031654933994
"g544",501.194674284504,0.765632169019139,0.291768811249186,2.62410559148232,0.0086876846963755,0.0298948174613084
"g1888",259.999678961157,0.93125569229963,0.355712595884217,2.61800032687836,0.00884467203936838,0.030373285522618
"g614",327.65644258775,-1.01849132755444,0.389379513857741,-2.6156777419126,0.00890505595364555,0.0305187443917448
"g1222",809.678888090276,0.686040607644694,0.262821136004429,2.61029465922837,0.00904642639943107,0.0308814586413586
"g1778",1162.76611710468,0.92251853415348,0.353420326663997,2.61025884634681,0.0090473735889627,0.0308814586413586
"g1670",378.885178120617,1.1262305793922,0.432706199406629,2.60276044331374,0.0092476545737621,0.0315015677935196
"g1109",808.514303626018,0.960196323761938,0.369436365407037,2.5990844802298,0.00934727662200528,0.0317769865884637
"g820",280.499245994751,-1.1268057795073,0.433824741291,-2.59737555805161,0.00939391519178991,0.0318715399192391
"g1528",549.523478020227,0.857280863186207,0.330954613752853,2.59032757835006,0.00958846414359354,0.0324665395902077
"g1250",37.5672071165694,-1.78875396121369,0.691208093870346,-2.58786605231683,0.00965725258327809,0.0326232999696684
"g325",2436.47194105504,-1.47953058757921,0.571844772611142,-2.58729406727531,0.00967329981380598,0.0326232999696684
"g1278",1196.54614140259,-1.06173752593943,0.410530763421614,-2.5862556976005,0.00970249237428212,0.0326566989854068
"g332",1522.44782319171,-0.99447351595497,0.384653842202334,-2.58537263078179,0.00972738053597452,0.0326755064432636
"g176",2358.19660973853,-1.05755982763011,0.409671914177635,-2.58147993804514,0.00983777091281015,0.032980883476015
"g331",575.762806385629,-0.83598720435733,0.324984415776186,-2.57239167103036,0.0100998558163701,0.0337926005871829
"g1251",3576.19813077629,-1.02456589565384,0.399538654905032,-2.5643723906949,0.0103362579895701,0.0345153545884461
"g856",1237.27209409797,-1.4924299497984,0.583002274780399,-2.55990416222743,0.0104701032414065,0.0348934739915379
"g1890",46.879847947969,-1.69809407663366,0.66419076204035,-2.55663609565606,0.0105689718630739,0.0351336791307135
"g943",20.947592548124,2.75755457585846,1.07879125937457,2.55615213035481,0.0105836836129143,0.0351336791307135
"g1639",396.878521980895,1.42936882905331,0.565097498360218,2.52941984914286,0.0114251265795809,0.0378527187851867
"g1113",8.87087963425484,3.14075213268333,1.24349337739162,2.52574898249272,0.0115451939782887,0.0381042661492029
"g1017",33.9070006643742,-1.30253780758769,0.515708999813061,-2.52572246763164,0.011546065289156,0.0381042661492029
"g945",103.090122937452,1.28665071123008,0.510350701663512,2.52111088911248,0.0116984979646903,0.0385322121677444
"g1452",182.476261583801,-1.05833704998326,0.420918111725891,-2.51435379115373,0.0119250737579199,0.0391938475968989
"g1405",9.31097048472308,-2.35344218689906,0.936277771031839,-2.51361536043455,0.0119500687835242,0.0391938475968989
"g844",35.1135987875899,-1.40448515355997,0.559012913865368,-2.51243776078172,0.0119900252754581,0.0391938475968989
"g87",1055.239072453,0.83573140410495,0.33264524937687,2.51238039824855,0.0119919746339005,0.0391938475968989
"g1350",131.786698514235,-1.63201808259832,0.649831616884713,-2.51144764304051,0.0120237120280522,0.0392218583111608
"g784",50.4846990032698,-1.24057128891719,0.496086686062074,-2.50071474154007,0.0123942966174463,0.0403529695641089
"g827",325.555483332553,0.80836064560075,0.323503623297981,2.49876844456905,0.0124625713204083,0.0404461630713599
"g387",995.784375196084,0.889249967768358,0.355972994022031,2.49808267116276,0.012486706991576,0.0404461630713599
"g635",106.536864901853,-1.36035706680187,0.544609251238101,-2.49785890289097,0.0124945914272423,0.0404461630713599
"g1372",57.1257829440709,-1.27172506460453,0.509532343465261,-2.49586720237561,0.0125649631166973,0.0405963407568102
"g137",4948.95493138179,0.945099188955111,0.379181729692318,2.49247027203025,0.0126857949505332,0.0409086682881003
"g1041",103.745753991853,-1.34605924442537,0.540553209731684,-2.49015123801321,0.0127688747164133,0.0410004070703221
"g685",986.766120973535,0.848453842178685,0.340759133775761,2.48989317697062,0.0127781495022795,0.0410004070703221
"g645",74698.7982064503,1.0089644035654,0.405263557950464,2.48964996672295,0.0127868960030302,0.0410004070703221
"g424",548.81442901159,0.901254613399017,0.362168416295089,2.48849588436969,0.0128284721964201,0.0410559611125505
"g854",16.4379389221322,-2.49834409706938,1.0051905390764,-2.485443306465,0.0129390194986104,0.0413316226625422
"g1056",127.558191696457,1.18506988113749,0.477532476877522,2.48165295245759,0.0130774572511836,0.0416951697292914
"g1024",1841.93992453581,1.15755254622999,0.467142858166677,2.47794122503094,0.013214291107672,0.0420522459497907
"g302",500.19489945204,-0.832063900270883,0.336157930508796,-2.47521722605652,0.0133155159490663,0.042294875237841
"g70",31.5891224082116,-2.0424634163112,0.825847266846377,-2.47317330734853,0.0133919182344761,0.0424578980729739
"g520",7583.85216749588,1.02228419237854,0.413474476184762,2.47242393729216,0.0134200268233218,0.0424674867511848
"g1975",793.841332526831,-1.39118608513045,0.562994945266431,-2.4710454273654,0.0134718704139637,0.0425520086023144
"g1378",11340.3093310625,1.11262196802928,0.45066106907619,2.46886639289709,0.0135541814925387,0.0427322705155828
"g918",3821.77044046128,-1.80151585854573,0.731794980770307,-2.46177673513066,0.01382506975582,0.0434090283441704
"g1952",396.537743719617,-1.24624037200811,0.506308038829962,-2.4614271874649,0.0138385483997296,0.0434090283441704
"g1626",426.580861041242,-1.39699719454372,0.567598877743307,-2.46124023376858,0.0138457621416728,0.0434090283441704
"g1617",9.16578286417015,-2.66822386433496,1.08509268752352,-2.45898243994675,0.0139331432629841,0.0435500653554785
"g751",184.772890911377,-1.39337355706447,0.566700137646441,-2.45874928291227,0.0139421945792495,0.0435500653554785
"g1241",441.192488067723,-0.863495771716416,0.351448869636432,-2.45695987757675,0.0140118334834755,0.0436869872698416
"g1739",61.2920162856614,-2.20961847012402,0.900096215920742,-2.45486919180492,0.0140935861865603,0.0438611055401592
"g1625",267.579395778031,-1.44117070424065,0.587506104814025,-2.4530310279871,0.0141658119062374,0.043999691541452
"g457",5278.66730668435,1.55403559729497,0.633675656076884,2.45241486301695,0.0141900954410117,0.043999691541452
"g106",1737.80250923452,0.89014386190961,0.363160361885031,2.45110412735906,0.0142418747445808,0.0440795136061707
"g899",9.20469030801294,-3.16181990529625,1.29043791468856,-2.45019141897991,0.0142780287588466,0.0441107713297945
"g1325",402.535892523406,0.84858161529169,0.346845522018225,2.44656932675378,0.0144223057863268,0.0444753437090187
"g175",615.244643917408,-0.760710368942393,0.311543448447157,-2.44174728351388,0.0146163743624727,0.0449918578103024
"g489",961.566335532179,1.02823393836912,0.421812301128635,2.4376575448793,0.0147827710309683,0.0454214725143909
"g421",784.796636701062,0.773647851792859,0.318358028100607,2.43011887090962,0.015093871521908,0.0462351469715028
"g922",7.71065019162168,3.20942585595903,1.32079552972574,2.42991877525923,0.0151022068961849,0.0462351469715028
"g1817",844.123900648459,0.934481188861742,0.385681514631132,2.42293486571553,0.0153956868005971,0.0469687370966275
"g1314",535.434392882953,1.03133332405587,0.425661317117109,2.4228965202683,0.0153973119247657,0.0469687370966275
"g789",8450.02168588628,0.97105624475517,0.401225473811703,2.42022580353632,0.0155108721161375,0.0472300476485987
"g1992",17.6635810749485,1.8910675130984,0.782575933940409,2.41646520303345,0.0156720241049411,0.0476350750622355
"g208",601.302685334773,-1.03544714959946,0.428983859006593,-2.41372053484079,0.015790568656341,0.0478368068879672
"g1216",643.749040632391,-0.700234642714954,0.290117958570233,-2.41362046722605,0.0157949055229614,0.0478368068879672
"g1002",47.9840994598794,-1.45506572818199,0.604773570569809,-2.40596778528376,0.0161296869820278,0.0487635001081663
"g1776",765.666630470868,-1.24671787785526,0.518973693184145,-2.40227567259925,0.0162934245310071,0.0491707089679057
"g459",741.685756709247,0.889157226058313,0.370882335478701,2.3974105558591,0.016511411621872,0.0497398930174898
